source page;id;date;source page title;marca;modelo;variante;data_registo;price;quilometros;cilindrada;lugares;tipo;combustivel;potencia;portas;forncedor;transmissao;cor;origem;garantia;stand;matricula;vin;descricao
https://www.sobarroso.pt/carros/Seat/Tarraco/916603;916603;quarta-feira, 1 de dezembro de 2021;Seat Tarraco 2.0 TDi Style | Só Barroso;Seat ;Tarraco;"						Seat Tarraco 2.0 TDi Style
					";"Jul / 2019	";34 990 Eur;23.000 Kms;1968 cc;7;SUV / TT;Gasóleo;150 cv;5;Gestora de Frota;Manual 6v;Cinza;Nacional;Sim;Braga;68-ZA-38 ;VSSZZZKNZKW006544;"				        Esta viatura passou por um processo de seleção rigoroso e exaustivo. Só assim conseguimos garantir automóveis usados sem surpresas. 
Este automóvel possui garantia completa de 12 meses e um histórico de manutenção completo. Entre em contacto e saiba mais sobre esta viatura. 

				      "
https://www.sobarroso.pt/carros/Renault/Talisman-Sport-Tourer/859790;859790;quarta-feira, 1 de dezembro de 2021;Renault Talisman Sport Tourer 1.5 DCi Intens | Só Barroso;Renault ;Talisman Sport Tourer;"						Renault Talisman Sport Tourer 1.5 DCi Intens
					";"								

									Jul / 2016
								";18 990 Eur;113.000 Kms;1461 cc;5;Carrinha;Gasóleo;110 cv;5;Gestora de Frota;Manual 6v;Preto;Nacional;Sim;Braga;01-RR-99 ;VF1RFD00555927243;"				        
Esta viatura passou por um processo de seleção rigoroso e exaustivo. Só assim conseguimos garantir automóveis usados sem surpresas. 
Este automóvel possui garantia total de 12 meses e um histórico de manutenção completo. Entre em contacto e saiba mais sobre esta viatura. 


				      "
https://www.sobarroso.pt/carros/BMW/116/946908;946908;quarta-feira, 1 de dezembro de 2021;BMW 116 D Line Sport Auto | Só Barroso;BMW ;116;"						BMW 116 D Line Sport Auto
					";"								

									Abr / 2019
								";"

24 990 Eur
";73.000 Kms;1496 cc;5;Utilitário;Gasóleo;116 cv;5;Gestora de Frota;Auto;Cinza;Nacional;Sim;Braga;"69-XM-97	";WBA1V710407D80982;"				        
Esta viatura passou por um processo de seleção rigoroso e exaustivo. Só assim conseguimos garantir automóveis usados sem surpresas. 
Este automóvel possui garantia completa de 12 meses e um histórico de manutenção completo. Entre em contacto e saiba mais sobre esta viatura. 
				      "
https://www.sobarroso.pt/carros/Audi/A3-Sportback/907193;907193;quarta-feira, 1 de dezembro de 2021;Audi A3 Sportback 30 1.0 TFSI | Só Barroso;Audi ;A3 Sportback;"						Audi A3 Sportback 30 1.0 TFSI
					";"								

									Out / 2020
								";24 990 Eur;6.000 Kms;999 cc;5;Utilitário;Gasolina;116 cv;5;Gestora de Frota;Manual 6v;Cinza;Nacional;Sim;Braga;AD-07-ES;"WAUZZZ8V0LA079084	";"				        Garantia da Marca até 10/2022

Esta viatura passou por um processo de seleção rigoroso e exaustivo. Só assim conseguimos garantir automóveis usados sem surpresas. 
Este automóvel possui garantia completa de 12 meses e um histórico de manutenção completo. Entre em contacto e saiba mais sobre esta viatura. 

				      "
https://www.sobarroso.pt/carros/Peugeot/3008/945154;945154;quarta-feira, 1 de dezembro de 2021;Peugeot 3008 2.0 BlueHDI GT Line EAT6 | Só Barroso;Peugeot ;3008;"						Peugeot 3008 2.0 BlueHDI GT Line EAT6 
					";"								

									Set / 2017
								";34 990 Eur;93.000 Kms;1997 cc;5;SUV / TT;Gasóleo;180 cv;5;Gestora de Frota;Auto;Branco;Nacional;Sim;Braga;"60-TP-54	";VF3MJAHWWHS239951;"				        
Esta viatura passou por um processo de seleção rigoroso e exaustivo. Só assim conseguimos garantir automóveis usados sem surpresas. 
Este automóvel possui garantia completa de 12 meses e um histórico de manutenção completo. Entre em contacto e saiba mais sobre esta viatura. 
				      "
https://www.sobarroso.pt/carros/BMW/225xe-Active-Tourer/918078;918078;quarta-feira, 1 de dezembro de 2021;BMW 225xe Active Tourer Advantage Auto | Só Barroso;BMW ;225xe Active Tourer;"						BMW 225xe Active Tourer Advantage Auto
					";"								

									Mar / 2020
								";34 990 Eur;11.000 Kms;1499 cc;5;Monovolume;Híbrido Plug-In Gasolina;224 cv;5;Gestora de Frota;Auto;Preto;Nacional;Sim;Braga;AA-49-MM;WBA6Y310907F22197;"				        Iva Dedútivel para Empresas e empresários em nome individual 
Emissões de CO2 em g/km  (combinado): 38 
55 km de autonomia em motor eléctrico anunciados pela marca 
Garantia da Marca até 3/2022

Esta viatura passou por um processo de seleção rigoroso e exaustivo. Só assim conseguimos garantir automóveis usados sem surpresas. 
Este automóvel possui garantia completa de 12 meses e um histórico de manutenção completo. Entre em contacto e saiba mais sobre esta viatura. 

				      "
https://www.sobarroso.pt/carros/Hyundai/Ioniq/945889;945889;quarta-feira, 1 de dezembro de 2021;Hyundai Ioniq 1.6 GDI PHEV Hybrid Tech Plus | Só Barroso;Hyundai ;Ioniq;"						Hyundai Ioniq 1.6 GDI PHEV Hybrid Tech Plus 
					";"								

									Jan / 2019
								";29 250 Eur;5.000 Kms;1580 cc;5;Sedan;Híbrido Gasolina;141 cv;5;Gestora de Frota;Auto;Branco;Nacional;Sim;Braga;29-XA-48;KMHC851CGJU091968;"				        
Esta viatura passou por um processo de seleção rigoroso e exaustivo. Só assim conseguimos garantir automóveis usados sem surpresas. 
Este automóvel possui garantia completa de 12 meses e um histórico de manutenção completo. Entre em contacto e saiba mais sobre esta viatura. 
				      "
https://www.sobarroso.pt/carros/Renault/Clio/945255;945255;quarta-feira, 1 de dezembro de 2021;Renault Clio Van 1.5 dCi Intens | Só Barroso;Renault ;Clio;"						Renault Clio Van 1.5 dCi Intens
					";"								

									Nov / 2017
								";10 480 Eur;67.000 Kms;1461 cc;2;Comerciais Ligeiros;Gasóleo;90 cv;5;Gestora de Frota;Manual;Preto;Nacional;Sim;Braga;51-TT-42 ;;"				        IVA Dedútivel  

Esta viatura passou por um processo de seleção rigoroso e exaustivo. Só assim conseguimos garantir automóveis usados sem surpresas. 
Este automóvel possui garantia completa de 12 meses e um histórico de manutenção completo. Entre em contacto e saiba mais sobre esta viatura. 
				      "
https://www.sobarroso.pt/carros/Volkswagen/Golf-Variant/909324;909324;quarta-feira, 1 de dezembro de 2021;Volkswagen Golf Variant 1.6 TDI Comfortline | Só Barroso;Volkswagen ;Golf Variant;"						Volkswagen Golf Variant 1.6 TDI Comfortline 
					";"								

									Nov / 2013
								";12 900 Eur;137.000 Kms;1598 cc;5;Carrinha;Gasóleo;105 cv;5;Retomas;Manual;Cinza;Nacional;Sim;Braga;18-OE-47;;"				        
Esta viatura passou por um processo de seleção rigoroso e exaustivo. Só assim conseguimos garantir automóveis usados sem surpresas. 
Este automóvel possui garantia completa de 12 meses e um histórico de manutenção completo. Entre em contacto e saiba mais sobre esta viatura. 

				      "
https://www.sobarroso.pt/carros/BMW/318/946640;946640;quarta-feira, 1 de dezembro de 2021;BMW 318 D Advantage Auto | Só Barroso;BMW ;318;"						BMW 318 D Advantage Auto
					";"								

									Out / 2017
								";"

29 990 Eur
";26.000 Kms;1995 cc;5;Sedan;Gasóleo;150 cv;4;Gestora de Frota;Auto;Cinza;Nacional;Sim;Braga;"27-TT-54	";WBA8C31010A151611;"				        
Esta viatura passou por um processo de seleção rigoroso e exaustivo. Só assim conseguimos garantir automóveis usados sem surpresas. 
Este automóvel possui garantia completa de 12 meses e um histórico de manutenção completo. Entre em contacto e saiba mais sobre esta viatura. 
				      "
https://www.sobarroso.pt/carros/Nissan/Micra/946663;946663;quarta-feira, 1 de dezembro de 2021;Nissan Micra 0.9 IG-T Tekna | Só Barroso;Nissan ;Micra;"						Nissan Micra 0.9 IG-T Tekna
					";"								

									Mar / 2018
								";16 950 Eur;15.000 Kms;898 cc;5;Citadino;Gasolina;90 cv;5;Retomas;Manual;Branco;Importado;Sim;Braga;28-UI-35;;"				        
Esta viatura passou por um processo de seleção rigoroso e exaustivo. Só assim conseguimos garantir automóveis usados sem surpresas. 
Este automóvel possui garantia completa de 12 meses e um histórico de manutenção completo. Entre em contacto e saiba mais sobre esta viatura. 
				      "
https://www.sobarroso.pt/carros/Audi/Q3/946624;946624;quarta-feira, 1 de dezembro de 2021;Audi Q3 2.0 TDi Design | Só Barroso;Audi ;Q3;"						Audi Q3 2.0 TDi Design
					";"								

									Mar / 2017
								";"

29 990 Eur
";107.000 Kms;1968 cc;5;SUV / TT;Gasóleo;150 cv;5;Gestora de Frota;Manual;Preto;Nacional;Sim;Braga;92-SS-80 ;WAUZZZ8U2HR080902;"				        
Esta viatura passou por um processo de seleção rigoroso e exaustivo. Só assim conseguimos garantir automóveis usados sem surpresas. 
Este automóvel possui garantia completa de 12 meses e um histórico de manutenção completo. Entre em contacto e saiba mais sobre esta viatura. 
				      "
https://www.sobarroso.pt/carros/Hyundai/Tucson/932559;932559;quarta-feira, 1 de dezembro de 2021;Hyundai Tucson 1.7 CRDi Premium | Só Barroso;Hyundai ;Tucson;"						Hyundai Tucson 1.7 CRDi Premium
					";"								

									Set / 2017
								";21 990 Eur;170.000 Kms;1685 cc;5;SUV / TT;Gasóleo;115 cv;5;Gestora de Frota;Manual 6v;Cinza;Nacional;Sim;Braga;"69-TP-54	";TMAJ3815AJJ489817;"				        Esta viatura passou por um processo de seleção rigoroso e exaustivo. Só assim conseguimos garantir automóveis usados sem surpresas. 
Este automóvel possui garantia completa de 12 meses e um histórico de manutenção completo. Entre em contacto e saiba mais sobre esta viatura. 
				      "
https://www.sobarroso.pt/carros/Renault/Clio/931772;931772;quarta-feira, 1 de dezembro de 2021;Renault Clio 1.5 DCI Dynamique S | Só Barroso;Renault ;Clio;"						Renault Clio 1.5 DCI Dynamique S 
					";"								

									Mar / 2014
								";"

10 990 Eur
";147.000 Kms;1461 cc;5;Utilitário;Gasóleo;90 cv;5;Retomas;Manual;Branco;Nacional;Sim;Braga;97-OM-18;;"				        
Esta viatura passou por um processo de seleção rigoroso e exaustivo. Só assim conseguimos garantir automóveis usados sem surpresas. 
Este automóvel possui garantia completa de 12 meses e um histórico de manutenção completo. Entre em contacto e saiba mais sobre esta viatura. 

				      "
https://www.sobarroso.pt/carros/Opel/sa/908979;908979;quarta-feira, 1 de dezembro de 2021;Opel sa E 1.2 120 Anos | Só Barroso;Opel ;sa;"						Opel sa E 1.2 120 Anos
					";"								

									Abr / 2019
								";"

12 990 Eur
";43.000 Kms;1229 cc;5;Citadino;Gasolina;70 cv;5;Gestora de Frota;Manual;Preto;Nacional;Sim;Braga;50-XJ-93;"W0V0XEP68K4323902	";"				        
Esta viatura passou por um processo de seleção rigoroso e exaustivo. Só assim conseguimos garantir automóveis usados sem surpresas. 
Este automóvel possui garantia completa de 12 meses e um histórico de manutenção completo. Entre em contacto e saiba mais sobre esta viatura. 
				      "
https://www.sobarroso.pt/carros/BMW/216-Active-Tourer/942836;942836;quarta-feira, 1 de dezembro de 2021;BMW 216 Active Tourer Advantage | Só Barroso;BMW ;216 Active Tourer;"						BMW 216 Active Tourer Advantage
					";"								

									Mai / 2015
								";14 900 Eur;88.000 Kms;1496 cc;5;Monovolume;Gasóleo;115 cv;5;Retomas;Manual 6v;Preto;Nacional;Sim;Braga;19-PX-72;;"				        
Esta viatura passou por um processo de seleção rigoroso e exaustivo. Só assim conseguimos garantir automóveis usados sem surpresas. 
Este automóvel possui garantia completa de 12 meses e um histórico de manutenção completo. Entre em contacto e saiba mais sobre esta viatura. 
				      "
https://www.sobarroso.pt/carros/Renault/Clio/910076;910076;quarta-feira, 1 de dezembro de 2021;Renault Clio Van 1.5 dCi Zen Societe | Só Barroso;Renault ;Clio;"						Renault Clio Van 1.5 dCi Zen Societe 
					";"								

									Abr / 2017
								";"

14 990 Eur
";85.000 Kms;1461 cc;2;Comerciais Ligeiros;Gasóleo;75 cv;5;Gestora de Frota;Manual;Branco;Nacional;Sim;Cabeceiras de Basto;65-ST-34 ;VF16RBF0A57459565;"				        IVA Dedútivel  

Esta viatura passou por um processo de seleção rigoroso e exaustivo. Só assim conseguimos garantir automóveis usados sem surpresas. 
Este automóvel possui garantia completa de 12 meses e um histórico de manutenção completo. Entre em contacto e saiba mais sobre esta viatura. 

				      "
https://www.sobarroso.pt/carros/Peugeot/Partner/942481;942481;quarta-feira, 1 de dezembro de 2021;Peugeot Partner 1.6 BlueHDI L1 SE | Só Barroso;Peugeot ;Partner;"						Peugeot Partner 1.6 BlueHDI L1 SE
					";"								

									Jul / 2017
								";"

13 490 Eur
";150.000 Kms;1560 cc;3;Comerciais Ligeiros;Gasóleo;100 cv;5;Gestora de Frota;Manual;Branco;Nacional;Sim;Braga;42-TJ-30;VF37DBHY6HN529117;"				        IVA Dedútivel  

Esta viatura passou por um processo de seleção rigoroso e exaustivo. Só assim conseguimos garantir automóveis usados sem surpresas. 
Este automóvel possui garantia completa de 12 meses e um histórico de manutenção completo. Entre em contacto e saiba mais sobre esta viatura. 
				      "
https://www.sobarroso.pt/carros/Skoda/Octavia-Break/892823;892823;quarta-feira, 1 de dezembro de 2021;Skoda Octavia Break 1.6 TDI Style | Só Barroso;Skoda ;Octavia Break;"						Skoda Octavia Break 1.6 TDI Style
					";"								

									Jul / 2018
								";22 699 Eur;48.000 Kms;1598 cc;5;Carrinha;Gasóleo;115 cv;5;Gestora de Frota;Manual;Cinza;Nacional;Sim;Braga;59-VE-92;TMBJG9NE8J0114533;"				        
Esta viatura passou por um processo de seleção rigoroso e exaustivo. Só assim conseguimos garantir automóveis usados sem surpresas. 
Este automóvel possui garantia total de 12 meses e um histórico de manutenção completo. Entre em contacto e saiba mais sobre esta viatura. 

				      "
https://www.sobarroso.pt/carros/Renault/Clio/929115;929115;quarta-feira, 1 de dezembro de 2021;Renault Clio Van 1.5 dCi Societe Business | Só Barroso;Renault ;Clio;"						Renault Clio Van 1.5 dCi Societe Business
					";"								

									Ago / 2018
								";"

15 990 Eur
";82.000 Kms;1461 cc;2;Comerciais Ligeiros;Gasóleo;75 cv;5;Gestora de Frota;Manual;Branco;Nacional;Sim;Braga;01-VI-73 ;VF16RBF0A61087735;"				        IVA Dedútivel  

Esta viatura passou por um processo de seleção rigoroso e exaustivo. Só assim conseguimos garantir automóveis usados sem surpresas. 
Este automóvel possui garantia completa de 12 meses e um histórico de manutenção completo. Entre em contacto e saiba mais sobre esta viatura. 

				      "
https://www.sobarroso.pt/carros/BMW/330e/940742;940742;quarta-feira, 1 de dezembro de 2021;BMW 330e Berlina Auto | Só Barroso;BMW ;330e;"						BMW 330e Berlina Auto
					";"								

									Out / 2019
								";"

41 990 Eur
";25.000 Kms;1998 cc;5;Sedan;Híbrido Plug-In Gasolina;292 cv;5;Gestora de Frota;Auto;Preto;Nacional;Sim;Braga;"63-ZH-83	";WBA5X71020FH73235;"				        Híbrido, Gasolina e Plug-in Eléctrico
Iva Dedútivel para Empresas e empresários em nome individual 
60 km de autonomia em motor eléctrico anunciados pela marca  
Emissões de CO2 em g/km  (combinado): 30

Esta viatura passou por um processo de seleção rigoroso e exaustivo. Só assim conseguimos garantir automóveis usados sem surpresas. 
Este automóvel possui garantia total de 12 meses e um histórico de manutenção completo. Entre em contacto e saiba mais sobre esta viatura. 

				      "
https://www.sobarroso.pt/carros/Nissan/Qashqai/944339;944339;quarta-feira, 1 de dezembro de 2021;Nissan Qashqai 1.5 DCI Acenta | Só Barroso;Nissan ;Qashqai;"						Nissan Qashqai 1.5 DCI Acenta
					";"								

									Dez / 2015
								";15 900 Eur;106.000 Kms;1461 cc;5;SUV / TT;Gasóleo;110 cv;5;Retomas;Manual 6v;Branco;Nacional;Sim;Braga;64-QS-10;;"				        
Esta viatura passou por um processo de seleção rigoroso e exaustivo. Só assim conseguimos garantir automóveis usados sem surpresas. 
Este automóvel possui garantia completa de 12 meses e um histórico de manutenção completo. Entre em contacto e saiba mais sobre esta viatura. 
				      "
https://www.sobarroso.pt/carros/Renault/Zoe/944483;944483;quarta-feira, 1 de dezembro de 2021;Renault Zoe Life 40 Q90 | Só Barroso;Renault ;Zoe;"						Renault Zoe Life 40 Q90 
					";"								

									Jun / 2019
								";19 990 Eur;50.000 Kms;0 cc;5;Citadino;Electrico;88 cv;5;Gestora de Frota;Auto;Branco;Importado;Sim;Braga;13-XT-26 ;;"				        Iva Dedútivel para Empresas e empresários em nome individual 
210 km de autonomia em motor eléctrico anunciados pela marca  

Esta viatura passou por um processo de seleção rigoroso e exaustivo. Só assim conseguimos garantir automóveis usados sem surpresas. 
Este automóvel possui garantia completa de 12 meses e um histórico de manutenção completo. Entre em contacto e saiba mais sobre esta viatura. 
				      "
https://www.sobarroso.pt/carros/Renault/Kangoo/918700;918700;quarta-feira, 1 de dezembro de 2021;Renault Kangoo L2 1.5 DCi Express Max Business Auto 110cv | Só Barroso;Renault ;Kangoo;"						Renault Kangoo L2 1.5 DCi Express Max Business Auto 110cv
					";"								

									Fev / 2018
								";"

15 990 Eur
";75.001 Kms;1461 cc;3;Comerciais Ligeiros;Gasóleo;110 cv;5;Gestora de Frota;Auto;Branco;Nacional;Sim;Braga;"11-UF-83	";VF1FWT2R359465390;"				        IVA Dedútivel  

Esta viatura passou por um processo de seleção rigoroso e exaustivo. Só assim conseguimos garantir automóveis usados sem surpresas. 
Este automóvel possui garantia completa de 12 meses e um histórico de manutenção completo. Entre em contacto e saiba mais sobre esta viatura. 

				      "
https://www.sobarroso.pt/carros/Renault/Clio-Sport-Tourer/905744;905744;quarta-feira, 1 de dezembro de 2021;Renault Clio Sport Tourer 1.5 DCI Limited | Só Barroso;Renault ;Clio Sport Tourer;"						Renault Clio Sport Tourer 1.5 DCI Limited
					";"								

									Mar / 2019
								";13 990 Eur;116.000 Kms;1461 cc;5;Carrinha;Gasóleo;90 cv;5;Gestora de Frota;Manual;Preto;Nacional;Sim;Braga;70-XE-69;VF1R9800862554717;"				        
Esta viatura passou por um processo de seleção rigoroso e exaustivo. Só assim conseguimos garantir automóveis usados sem surpresas. 
Este automóvel possui garantia completa de 12 meses e um histórico de manutenção completo. Entre em contacto e saiba mais sobre esta viatura. 

				      "
https://www.sobarroso.pt/carros/Peugeot/3008/890729;890729;quarta-feira, 1 de dezembro de 2021;Peugeot 3008 1.6 BlueHDI Style | Só Barroso;Peugeot ;3008;"						Peugeot 3008 1.6 BlueHDI Style
					";"								

									Dez / 2016
								";15 490 Eur;111.000 Kms;1560 cc;5;SUV / TT;Gasóleo;120 cv;5;Gestora de Frota;Manual 6v;Cinza;Nacional;Sim;Braga;"84-SH-63	";VF30UBHZMGS185240;"				        
Esta viatura passou por um processo de seleção rigoroso e exaustivo. Só assim conseguimos garantir automóveis usados sem surpresas. 
Este automóvel possui garantia total de 12 meses e um histórico de manutenção completo. Entre em contacto e saiba mais sobre esta viatura. 

				      "
https://www.sobarroso.pt/carros/Mercedes-Benz/CLA-180/906880;906880;quarta-feira, 1 de dezembro de 2021;Mercedes Benz CLA 180 Shooting Break Urban Auto | Só Barroso;Mercedes Benz ;CLA 180;"						Mercedes Benz CLA 180  Shooting Break Urban Auto
					";"								

									Fev / 2016
								";"

28 990 Eur
";126.000 Kms;1461 cc;5;Carrinha;Gasóleo;109 cv;5;Gestora de Frota;Auto;Cinza;Nacional;Sim;Braga;76-QX-34;WDD1179121N351873;"				        
Esta viatura passou por um processo de seleção rigoroso e exaustivo. Só assim conseguimos garantir automóveis usados sem surpresas. 
Este automóvel possui garantia completa de 12 meses e um histórico de manutenção completo. Entre em contacto e saiba mais sobre esta viatura. 
				      "
https://www.sobarroso.pt/carros/BMW/418-Gran-Coupe/944488;944488;quarta-feira, 1 de dezembro de 2021;BMW 418 Gran Coupé Sport Auto | Só Barroso;BMW ;418 Gran Coupé;"						BMW 418 Gran Coupé Sport Auto
					";"								

									Set / 2018
								";"

34 990 Eur
";56.000 Kms;1995 cc;5;Sedan;Gasóleo;150 cv;5;Gestora de Frota;Auto;Cinza;Nacional;Sim;Braga;79-VL-02 ;WBA4K11020BP69293;"				        
Esta viatura passou por um processo de seleção rigoroso e exaustivo. Só assim conseguimos garantir automóveis usados sem surpresas. 
Este automóvel possui garantia completa de 12 meses e um histórico de manutenção completo. Entre em contacto e saiba mais sobre esta viatura. 
				      "
https://www.sobarroso.pt/carros/Peugeot/3008/926546;926546;quarta-feira, 1 de dezembro de 2021;Peugeot 3008 1.6 BlueHDI Allure EAT6 | Só Barroso;Peugeot ;3008;"						Peugeot 3008 1.6  BlueHDI Allure EAT6 
					";"								

									Set / 2017
								";27 900 Eur;82.000 Kms;1560 cc;5;SUV / TT;Gasóleo;120 cv;5;Gestora de Frota;Auto;Cinza;Nacional;Sim;Braga;03-TQ-49 ;;"				        
Esta viatura passou por um processo de seleção rigoroso e exaustivo. Só assim conseguimos garantir automóveis usados sem surpresas. 
Este automóvel possui garantia total de 12 meses e um histórico de manutenção completo. Entre em contacto e saiba mais sobre esta viatura. 

				      "
https://www.sobarroso.pt/carros/BMW/520/892647;892647;quarta-feira, 1 de dezembro de 2021;BMW 520 D Touring Luxury Line Auto | Só Barroso;BMW ;520;"						BMW 520 D Touring Luxury Line Auto
					";"								

									Ago / 2017
								";"

38 990 Eur
";75.000 Kms;1995 cc;5;Carrinha;Gasóleo;190 cv;5;Gestora de Frota;Auto;Preto;Nacional;Sim;Braga;"17-TN-94	";WBAJM71080B068662;"				        
Esta viatura passou por um processo de seleção rigoroso e exaustivo. Só assim conseguimos garantir automóveis usados sem surpresas. 
Este automóvel possui garantia total de 12 meses e um histórico de manutenção completo. Entre em contacto e saiba mais sobre esta viatura. 

				      "
https://www.sobarroso.pt/carros/Opel/sa/893451;893451;quarta-feira, 1 de dezembro de 2021;Opel sa E 1.3 CDTi Business Edition | Só Barroso;Opel ;sa;"						Opel sa E 1.3 CDTi Business Edition
					";"								

									Ago / 2017
								";"

11 990 Eur
";103.000 Kms;1248 cc;5;Citadino;Gasóleo;95 cv;5;Gestora de Frota;Manual;Branco;Nacional;Sim;Braga;"59-TJ-12	";W0L0XEP68H4295197;"				        
Esta viatura passou por um processo de seleção rigoroso e exaustivo. Só assim conseguimos garantir automóveis usados sem surpresas. 
Este automóvel possui garantia total de 12 meses e um histórico de manutenção completo. Entre em contacto e saiba mais sobre esta viatura. 

				      "
https://www.sobarroso.pt/carros/Volkswagen/Passat-Variant/892829;892829;quarta-feira, 1 de dezembro de 2021;Volkswagen Passat Variant 1.6 TDi Comfortline | Só Barroso;Volkswagen ;Passat Variant;"						Volkswagen Passat Variant 1.6 TDi Comfortline
					";"								

									Out / 2016
								";"

19 990 Eur
";84.000 Kms;1598 cc;5;Carrinha;Gasóleo;120 cv;5;Gestora de Frota;Manual 6v;Cinza;Nacional;Sim;Cabeceiras de Basto;"59-SB-89	";WVWZZZ3CZHE070514;"				        
Esta viatura passou por um processo de seleção rigoroso e exaustivo. Só assim conseguimos garantir automóveis usados sem surpresas. 
Este automóvel possui garantia total de 12 meses e um histórico de manutenção completo. Entre em contacto e saiba mais sobre esta viatura. 

				      "
https://www.sobarroso.pt/carros/Opel/Zafira/893468;893468;quarta-feira, 1 de dezembro de 2021;Opel Zafira Tourer 1.6 CDTI Innovation | Só Barroso;Opel ;Zafira;"						Opel Zafira Tourer 1.6 CDTI Innovation 
					";"								

									Fev / 2018
								";"

23 990 Eur
";83.000 Kms;1598 cc;7;Monovolume;Gasóleo;134 cv;5;Gestora de Frota;Manual 6v;Azul;Nacional;Sim;Braga;39-UH-88;W0VPD9E38J1029645;"				        
Esta viatura passou por um processo de seleção rigoroso e exaustivo. Só assim conseguimos garantir automóveis usados sem surpresas. 
Este automóvel possui garantia total de 12 meses e um histórico de manutenção completo. Entre em contacto e saiba mais sobre esta viatura. 

				      "
https://www.sobarroso.pt/carros/BMW/420-Gran-Coupe/896299;896299;quarta-feira, 1 de dezembro de 2021;BMW 420 Gran Coupé Luxury Line Auto | Só Barroso;BMW ;420 Gran Coupé;"						BMW 420 Gran Coupé Luxury Line Auto
					";"								

									Abr / 2016
								";"

29 990 Eur
";111.000 Kms;1995 cc;5;Sedan;Gasóleo;190 cv;5;Gestora de Frota;Auto;Preto;Nacional;Sim;Braga;25-RF-90 ;WBA4E91030G594142;"				        
Esta viatura passou por um processo de seleção rigoroso e exaustivo. Só assim conseguimos garantir automóveis usados sem surpresas. 
Este automóvel possui garantia total de 12 meses e um histórico de manutenção completo. Entre em contacto e saiba mais sobre esta viatura. 

				      "
https://www.sobarroso.pt/carros/Volvo/V60/896390;896390;quarta-feira, 1 de dezembro de 2021;Volvo V60 2.4 D6 Momentum AWD Phev Auto | Só Barroso;Volvo ;V60;"						Volvo V60 2.4 D6 Momentum AWD Phev Auto
					";"								

									Nov / 2016
								";"

29 990 Eur
";120.000 Kms;2400 cc;5;Carrinha;Híbrido Plug-In Gasóleo;286 cv;5;Gestora de Frota;Auto;Branco;Nacional;Sim;Braga;25-SC-86;YV1GWDCH0H1348274;"				        Híbrido, Gasóleo e Plug-In Eléctrico
Iva Dedútivel para Empresas e empresários em nome individual 
Consumo de combustivel em l/100km (combinado): 1.8
Emissões de CO2 em g/km  (combinado): 48

Esta viatura passou por um processo de seleção rigoroso e exaustivo. Só assim conseguimos garantir automóveis usados sem surpresas. 
Este automóvel possui garantia completa de 12 meses e um histórico de manutenção completo. Entre em contacto e saiba mais sobre esta viatura. 

				      "
https://www.sobarroso.pt/carros/Peugeot/308-SW/898030;898030;quarta-feira, 1 de dezembro de 2021;Peugeot 308 SW 1.6 BlueHDI Style | Só Barroso;Peugeot ;308 SW;"						Peugeot 308 SW 1.6 BlueHDI Style
					";"								

									Fev / 2017
								";"

17 990 Eur
";66.000 Kms;1560 cc;5;Carrinha;Gasóleo;100 cv;5;Gestora de Frota;Manual;Cinza;Nacional;Sim;Cabeceiras de Basto;79-SM-75 ;VF3LCBHYBHS027436;"				        
Esta viatura passou por um processo de seleção rigoroso e exaustivo. Só assim conseguimos garantir automóveis usados sem surpresas. 
Este automóvel possui garantia total de 12 meses e um histórico de manutenção completo. Entre em contacto e saiba mais sobre esta viatura. 

				      "
https://www.sobarroso.pt/carros/Seat/Ibiza/899719;899719;quarta-feira, 1 de dezembro de 2021;Seat Ibiza 1.4 TDi Reference | Só Barroso;Seat ;Ibiza;"						Seat Ibiza 1.4 TDi Reference
					";"								

									Jun / 2017
								";"

13 990 Eur
";105.000 Kms;1422 cc;5;Utilitário;Gasóleo;90 cv;5;Gestora de Frota;Manual;Preto;Nacional;Sim;Braga;00-TE-98 ;VSSZZZ6JZHR134276;"				        
Esta viatura passou por um processo de seleção rigoroso e exaustivo. Só assim conseguimos garantir automóveis usados sem surpresas. 
Este automóvel possui garantia total de 12 meses e um histórico de manutenção completo. Entre em contacto e saiba mais sobre esta viatura. 

				      "
https://www.sobarroso.pt/carros/Peugeot/308-SW/903362;903362;quarta-feira, 1 de dezembro de 2021;Peugeot 308 SW 1.5 BlueHDI Allure | Só Barroso;Peugeot ;308 SW;"						Peugeot 308 SW 1.5 BlueHDI Allure
					";"								

									Jun / 2018
								";"

21 990 Eur
";75.000 Kms;1499 cc;5;Carrinha;Gasóleo;130 cv;5;Gestora de Frota;Manual 6v;Preto;Nacional;Sim;Braga;91-UX-69 ;VF3LCYHZPJS232984;"				        
Esta viatura passou por um processo de seleção rigoroso e exaustivo. Só assim conseguimos garantir automóveis usados sem surpresas. 
Este automóvel possui garantia completa de 12 meses e um histórico de manutenção completo. Entre em contacto e saiba mais sobre esta viatura. 

				      "
https://www.sobarroso.pt/carros/Audi/A3-Limousine/898283;898283;quarta-feira, 1 de dezembro de 2021;Audi A3 Limousine 1.6 TDi Business Line | Só Barroso;Audi ;A3 Limousine;"						Audi A3 Limousine 1.6 TDi Business Line
					";"								

									Mai / 2017
								";"

24 990 Eur
";45.000 Kms;1598 cc;5;Sedan;Gasóleo;116 cv;5;Gestora de Frota;Manual 6v;Azul;Nacional;Sim;Braga;31-TA-06 ;WAUZZZ8V1H1074063;"				        SENSORES DE ESTACIONAMENTO ATRAS E A FRENTE COM INDICAÇAO VISUAL SELECTIVA DE OBSTACULOS 
 PACOTE CONNECTIVITY
PACOTE BUSINESS LINE
Esta viatura passou por um processo de seleção rigoroso e exaustivo. Só assim conseguimos garantir automóveis usados sem surpresas. 
Este automóvel possui garantia completa de 12 meses e um histórico de manutenção completo. Entre em contacto e saiba mais sobre esta viatura. 
				      "
https://www.sobarroso.pt/carros/Opel/sa/903520;903520;quarta-feira, 1 de dezembro de 2021;Opel sa E 1.3 CDTi Business Edition | Só Barroso;Opel ;sa;"						Opel sa E 1.3 CDTi Business Edition
					";"								

									Mar / 2018
								";"

13 990 Eur
";81.000 Kms;1248 cc;5;Citadino;Gasóleo;95 cv;5;Gestora de Frota;Manual;Cinza;Nacional;Sim;Braga;25-UM-34 ;W0V0XEP68J4222261;"				        
Esta viatura passou por um processo de seleção rigoroso e exaustivo. Só assim conseguimos garantir automóveis usados sem surpresas. 
Este automóvel possui garantia completa de 12 meses e um histórico de manutenção completo. Entre em contacto e saiba mais sobre esta viatura. 

				      "
https://www.sobarroso.pt/carros/Fiat/500/900447;900447;quarta-feira, 1 de dezembro de 2021;Fiat 500 1.2 Lounge S&S | Só Barroso;Fiat ;500;"						Fiat 500 1.2 Lounge S&S 
					";"								

									Mai / 2019
								";"

14 990 Eur
";16.000 Kms;1242 cc;4;Citadino;Gasolina;70 cv;3;Gestora de Frota;Manual;Branco;Nacional;Sim;Braga;03-XP-73;"ZFA3120000JB81772	";"				        *Sistema de navegação apenas disponível através da ligação por cabo ao telemóvel

Esta viatura passou por um processo de seleção rigoroso e exaustivo. Só assim conseguimos garantir automóveis usados sem surpresas. 
Este automóvel possui garantia total de 12 meses e um histórico de manutenção completo. Entre em contacto e saiba mais sobre esta viatura. 

				      "
https://www.sobarroso.pt/carros/Fiat/500/903880;903880;quarta-feira, 1 de dezembro de 2021;Fiat 500 1.2 8V Lounge S&S | Só Barroso;Fiat ;500;"						Fiat 500 1.2 8V Lounge S&S 
					";"								

									Set / 2019
								";"

14 990 Eur
";17.000 Kms;1242 cc;4;Citadino;Gasolina;70 cv;3;Gestora de Frota;Manual;Azul;Nacional;Sim;Braga;92-ZF-67;ZFA3120000JC41013;"				        *Sistema de navegação apenas disponível através da ligação por cabo ao telemóvel

Esta viatura passou por um processo de seleção rigoroso e exaustivo. Só assim conseguimos garantir automóveis usados sem surpresas. 
Este automóvel possui garantia total de 12 meses e um histórico de manutenção completo. Entre em contacto e saiba mais sobre esta viatura. 

				      "
https://www.sobarroso.pt/carros/Opel/Astra-Sports-Tourer/905041;905041;quarta-feira, 1 de dezembro de 2021;Opel Astra Sports Tourer 1.6 CDTI Business Edition | Só Barroso;Opel ;Astra Sports Tourer;"						Opel Astra Sports Tourer 1.6 CDTI Business Edition 
					";"								

									Dez / 2018
								";"

17 990 Eur
";58.000 Kms;1598 cc;5;Carrinha;Gasóleo;110 cv;5;Gestora de Frota;Manual 6v;Cinza;Nacional;Sim;Braga;79-VT-06;W0VBD8EF8K8014277;"				        
Esta viatura passou por um processo de seleção rigoroso e exaustivo. Só assim conseguimos garantir automóveis usados sem surpresas. 
Este automóvel possui garantia total de 12 meses e um histórico de manutenção completo. Entre em contacto e saiba mais sobre esta viatura. 

				      "
https://www.sobarroso.pt/carros/Nissan/Qashqai/904681;904681;quarta-feira, 1 de dezembro de 2021;Nissan Qashqai 1.5 DCI N-Connecta | Só Barroso;Nissan ;Qashqai;"						Nissan Qashqai 1.5 DCI N-Connecta
					";"								

									Out / 2017
								";"

24 990 Eur
";98.000 Kms;1461 cc;5;SUV / TT;Gasóleo;110 cv;5;Gestora de Frota;Manual 6v;Preto;Importado;Sim;Braga;"52-TS-74	";"SJNFAAJ11U2003611	";"				        
Esta viatura passou por um processo de seleção rigoroso e exaustivo. Só assim conseguimos garantir automóveis usados sem surpresas. 
Este automóvel possui garantia completa de 12 meses e um histórico de manutenção completo. Entre em contacto e saiba mais sobre esta viatura. 

				      "
https://www.sobarroso.pt/carros/Mercedes-Benz/CLA-200/905055;905055;quarta-feira, 1 de dezembro de 2021;Mercedes Benz CLA 200 D Shooting Break Urban | Só Barroso;Mercedes Benz ;CLA 200;"						Mercedes Benz CLA 200 D Shooting Break Urban
					";"								

									Ago / 2017
								";"

28 990 Eur
";124.000 Kms;2143 cc;5;Carrinha;Gasóleo;136 cv;5;Gestora de Frota;Manual 6v;Preto;Importado;Sim;Braga;"47-TM-79	";WDD1179081N507337;"				        
Esta viatura passou por um processo de seleção rigoroso e exaustivo. Só assim conseguimos garantir automóveis usados sem surpresas. 
Este automóvel possui garantia total de 12 meses e um histórico de manutenção completo. Entre em contacto e saiba mais sobre esta viatura. 

				      "
https://www.sobarroso.pt/carros/Audi/A4-Avant/905653;905653;quarta-feira, 1 de dezembro de 2021;Audi A4 Avant 2.0 TDi Business Line | Só Barroso;Audi ;A4 Avant;"						Audi A4 Avant 2.0 TDi Business Line
					";"								

									Ago / 2017
								";"

24 990 Eur
";166.000 Kms;1968 cc;5;Carrinha;Gasóleo;150 cv;5;Gestora de Frota;Manual 6v;Cinza;Nacional;Sim;Braga;"96-TL-38	";WAUZZZF42HA169144;"				        
Esta viatura passou por um processo de seleção rigoroso e exaustivo. Só assim conseguimos garantir automóveis usados sem surpresas. 
Este automóvel possui garantia completa de 12 meses e um histórico de manutenção completo. Entre em contacto e saiba mais sobre esta viatura. 

				      "
https://www.sobarroso.pt/carros/Peugeot/2008/905629;905629;quarta-feira, 1 de dezembro de 2021;Peugeot 2008 1.6 BlueHDI Style | Só Barroso;Peugeot ;2008;"						Peugeot 2008 1.6 BlueHDI Style
					";"								

									Abr / 2016
								";"

18 490 Eur
";78.000 Kms;1560 cc;5;SUV / TT;Gasóleo;100 cv;5;Gestora de Frota;Manual;Cinza;Nacional;Sim;Braga;03-RF-89;VF3CUBHY6GY024086;"				        
Esta viatura passou por um processo de seleção rigoroso e exaustivo. Só assim conseguimos garantir automóveis usados sem surpresas. 
Este automóvel possui garantia completa de 12 meses e um histórico de manutenção completo. Entre em contacto e saiba mais sobre esta viatura. 

				      "
https://www.sobarroso.pt/carros/Audi/A1-Sportback/905654;905654;quarta-feira, 1 de dezembro de 2021;Audi A1 Sportback 1.4 TDi Sport | Só Barroso;Audi ;A1 Sportback;"						Audi A1 Sportback 1.4 TDi Sport
					";"								

									Mai / 2016
								";"

17 990 Eur
";137.000 Kms;1422 cc;5;Utilitário;Gasóleo;90 cv;5;Gestora de Frota;Manual;Branco;Nacional;Sim;Braga;"75-RI-76	";WAUZZZ8X3GB110703;"				        
Esta viatura passou por um processo de seleção rigoroso e exaustivo. Só assim conseguimos garantir automóveis usados sem surpresas. 
Este automóvel possui garantia completa de 12 meses e um histórico de manutenção completo. Entre em contacto e saiba mais sobre esta viatura. 

				      "
https://www.sobarroso.pt/carros/Seat/Leon-ST/906915;906915;quarta-feira, 1 de dezembro de 2021;Seat Leon ST 1.6 TDi Style Plus | Só Barroso;Seat ;Leon ST;"						Seat Leon ST 1.6 TDi Style Plus
					";"								

									Jul / 2017
								";"

17 490 Eur
";131.000 Kms;1598 cc;5;Carrinha;Gasóleo;115 cv;5;Retomas;Manual;Preto;Nacional;Sim;Cabeceiras de Basto;79-TG-54;VSSZZZ5FZJR011498;"				        
Esta viatura passou por um processo de seleção rigoroso e exaustivo. Só assim conseguimos garantir automóveis usados sem surpresas. 
Este automóvel possui garantia completa de 12 meses e um histórico de manutenção completo. Entre em contacto e saiba mais sobre esta viatura. 
				      "
https://www.sobarroso.pt/carros/Alfa-Romeo/Mito/906934;906934;quarta-feira, 1 de dezembro de 2021;Alfa Romeo Mito 1.3 JTDM URBAN | Só Barroso;Alfa Romeo ;Mito;"						Alfa Romeo Mito 1.3 JTDM URBAN
					";"								

									Mar / 2018
								";"

16 990 Eur
";16.000 Kms;1248 cc;5;Citadino;Gasóleo;95 cv;3;Gestora de Frota;Manual;Branco;Nacional;Sim;Braga;59-UJ-45;ZAR9550000X073316;"				        Esta viatura passou por um processo de seleção rigoroso e exaustivo. Só assim conseguimos garantir automóveis usados sem surpresas. 
Este automóvel possui garantia completa de 12 meses e um histórico de manutenção completo. Entre em contacto e saiba mais sobre esta viatura. 
				      "
https://www.sobarroso.pt/carros/Volvo/XC-60/907088;907088;quarta-feira, 1 de dezembro de 2021;Volvo XC 60 2.0 D3 Momentum | Só Barroso;Volvo ;XC 60;"						Volvo XC 60 2.0 D3 Momentum 
					";"								

									Mai / 2017
								";"

34 990 Eur
";75.000 Kms;1969 cc;5;SUV / TT;Gasóleo;150 cv;5;Gestora de Frota;Manual 6v;Cinza;Nacional;Sim;Braga;45-SZ-61;YV1DZARC1H2173706;"				        
Esta viatura passou por um processo de seleção rigoroso e exaustivo. Só assim conseguimos garantir automóveis usados sem surpresas. 
Este automóvel possui garantia completa de 12 meses e um histórico de manutenção completo. Entre em contacto e saiba mais sobre esta viatura. 
				      "
https://www.sobarroso.pt/carros/Renault/Megane-Sport-Tourer/907174;907174;quarta-feira, 1 de dezembro de 2021;Renault Megane Sport Tourer 1.5 DCi Energy Limited | Só Barroso;Renault ;Megane Sport Tourer;"						Renault Megane Sport Tourer 1.5 DCi Energy Limited
					";"								

									Jun / 2018
								";"

17 990 Eur
";96.000 Kms;1461 cc;5;Carrinha;Gasóleo;110 cv;5;Gestora de Frota;Manual 6v;Cinza;Nacional;Sim;Braga;68-UX-98;VF1RFB00360678802;"				        
Esta viatura passou por um processo de seleção rigoroso e exaustivo. Só assim conseguimos garantir automóveis usados sem surpresas. 
Este automóvel possui garantia completa de 12 meses e um histórico de manutenção completo. Entre em contacto e saiba mais sobre esta viatura. 

				      "
https://www.sobarroso.pt/carros/Seat/Leon-ST/907181;907181;quarta-feira, 1 de dezembro de 2021;Seat Leon ST 1.0 Eco TSI Style | Só Barroso;Seat ;Leon ST;"						Seat Leon ST 1.0 Eco TSI Style 
					";"								

									Mai / 2019
								";"

18 990 Eur
";19.000 Kms;999 cc;5;Carrinha;Gasolina;115 cv;5;Gestora de Frota;Manual 6v;Cinza;Nacional;Sim;Braga;42-XO-14;"VSSZZZ5FZKR102637	";"				        
Esta viatura passou por um processo de seleção rigoroso e exaustivo. Só assim conseguimos garantir automóveis usados sem surpresas. 
Este automóvel possui garantia completa de 12 meses e um histórico de manutenção completo. Entre em contacto e saiba mais sobre esta viatura. 

				      "
https://www.sobarroso.pt/carros/Mercedes-Benz/GLA-180/907082;907082;quarta-feira, 1 de dezembro de 2021;Mercedes Benz GLA 180 CDI Style | Só Barroso;Mercedes Benz ;GLA 180;"						Mercedes Benz GLA 180 CDI Style
					";"								

									Set / 2016
								";"

24 990 Eur
";148.763 Kms;1461 cc;5;SUV / TT;Gasóleo;109 cv;5;Gestora de Frota;Manual 6v;Preto;Nacional;Sim;Braga;50-RU-66;WDC1569121J311318;"				        
Esta viatura passou por um processo de seleção rigoroso e exaustivo. Só assim conseguimos garantir automóveis usados sem surpresas. 
Este automóvel possui garantia completa de 12 meses e um histórico de manutenção completo. Entre em contacto e saiba mais sobre esta viatura. 
				      "
https://www.sobarroso.pt/carros/Volkswagen/Passat-Variant/907358;907358;quarta-feira, 1 de dezembro de 2021;Volkswagen Passat Variant 1.6 TDi Comfortline | Só Barroso;Volkswagen ;Passat Variant;"						Volkswagen Passat Variant 1.6 TDi Comfortline
					";"								

									Out / 2017
								";"

17 990 Eur
";159.000 Kms;1598 cc;5;Carrinha;Gasóleo;120 cv;5;Gestora de Frota;Manual 6v;Cinza;Nacional;Sim;Braga;11-TT-22;"WVWZZZ3CZJE068305	";"				        
Esta viatura passou por um processo de seleção rigoroso e exaustivo. Só assim conseguimos garantir automóveis usados sem surpresas. 
Este automóvel possui garantia completa de 12 meses e um histórico de manutenção completo. Entre em contacto e saiba mais sobre esta viatura. 

				      "
https://www.sobarroso.pt/carros/Renault/Megane-Sport-Tourer/907495;907495;quarta-feira, 1 de dezembro de 2021;Renault Megane Sport Tourer 1.5 DCi Limited | Só Barroso;Renault ;Megane Sport Tourer;"						Renault Megane Sport Tourer 1.5 DCi Limited
					";"								

									Jan / 2019
								";"

19 990 Eur
";24.000 Kms;1461 cc;5;Carrinha;Gasóleo;110 cv;5;Gestora de Frota;Manual;Cinza;Nacional;Sim;Braga;22-VX-04;"VF1RFB00561156568	";"				        
Esta viatura passou por um processo de seleção rigoroso e exaustivo. Só assim conseguimos garantir automóveis usados sem surpresas. 
Este automóvel possui garantia completa de 12 meses e um histórico de manutenção completo. Entre em contacto e saiba mais sobre esta viatura. 

				      "
https://www.sobarroso.pt/carros/Opel/sa/944793;944793;quarta-feira, 1 de dezembro de 2021;Opel sa 1.3 CDTi Business Edition | Só Barroso;Opel ;sa;"						Opel sa 1.3 CDTi Business Edition
					";"								

									Mar / 2016
								";"

10 990 Eur
";126.000 Kms;1248 cc;5;Citadino;Gasóleo;95 cv;5;Retomas;Manual;Branco;Nacional;Sim;Braga;06-RA-94 ;;"				        
Esta viatura passou por um processo de seleção rigoroso e exaustivo. Só assim conseguimos garantir automóveis usados sem surpresas. 
Este automóvel possui garantia completa de 12 meses e um histórico de manutenção completo. Entre em contacto e saiba mais sobre esta viatura. 
				      "
https://www.sobarroso.pt/carros/Opel/sa/925885;925885;quarta-feira, 1 de dezembro de 2021;Opel sa E 1.3 CDTi Business Edition | Só Barroso;Opel ;sa;"						Opel sa E 1.3 CDTi Business Edition
					";"								

									Jun / 2018
								";"

14 990 Eur
";59.000 Kms;1248 cc;5;Citadino;Gasóleo;95 cv;5;Gestora de Frota;Manual;Cinza;Nacional;Sim;Braga;05-VA-26;W0V0XEP68J4373204;"				        
Esta viatura passou por um processo de seleção rigoroso e exaustivo. Só assim conseguimos garantir automóveis usados sem surpresas. 
Este automóvel possui garantia completa de 12 meses e um histórico de manutenção completo. Entre em contacto e saiba mais sobre esta viatura. 

				      "
https://www.sobarroso.pt/carros/Mitsubishi/L200/887762;887762;quarta-feira, 1 de dezembro de 2021;Mitsubishi L200 2.4 DI-D CD Invite | Só Barroso;Mitsubishi ;L200;"						Mitsubishi L200 2.4 DI-D CD Invite
					";"								

									Fev / 2018
								";"

24 990 Eur
";40.000 Kms;2442 cc;5;Comerciais Ligeiros;Gasóleo;154 cv;5;Gestora de Frota;Manual 6v;Branco;Nacional;Sim;Braga;"90-UE-63	";MMCJJKK20HH026317;"				        PICK-UP CABINE DUPLA 
TRAÇÃO 4X2 

Esta viatura passou por um processo de seleção rigoroso e exaustivo. Só assim conseguimos garantir automóveis usados sem surpresas. 
Este automóvel possui garantia total de 12 meses e um histórico de manutenção completo. Entre em contacto e saiba mais sobre esta viatura. 

				      "
https://www.sobarroso.pt/carros/Renault/Zoe/944427;944427;quarta-feira, 1 de dezembro de 2021;Renault Zoe Life 40 Q90 | Só Barroso;Renault ;Zoe;"						Renault Zoe Life 40 Q90 
					";"								

									Mai / 2019
								";"

19 990 Eur
";88.000 Kms;0 cc;5;Citadino;Electrico;88 cv;5;Retomas;Auto;Branco;Nacional;Sim;Braga;88-XO-85;;"				        Iva Dedútivel para Empresas e empresários em nome individual 
210 km de autonomia em motor eléctrico anunciados pela marca  


Esta viatura passou por um processo de seleção rigoroso e exaustivo. Só assim conseguimos garantir automóveis usados sem surpresas. 
Este automóvel possui garantia completa de 12 meses e um histórico de manutenção completo. Entre em contacto e saiba mais sobre esta viatura. 
				      "
https://www.sobarroso.pt/carros/Seat/Leon-ST/875168;875168;quarta-feira, 1 de dezembro de 2021;Seat Leon ST 1.6 TDi Style S/S | Só Barroso;Seat ;Leon ST;"						Seat Leon ST 1.6 TDi Style S/S
					";"								

									Jan / 2019
								";"

19 990 Eur
";46.000 Kms;1598 cc;5;Carrinha;Gasóleo;115 cv;5;Gestora de Frota;Manual;Cinza;Nacional;Sim;Braga;74-VZ-04;VSSZZZ5FZKR044124;"				        
Esta viatura passou por um processo de seleção rigoroso e exaustivo. Só assim conseguimos garantir automóveis usados sem surpresas. 
Este automóvel possui garantia total de 12 meses e um histórico de manutenção completo. Entre em contacto e saiba mais sobre esta viatura. 

				      "
https://www.sobarroso.pt/carros/Peugeot/2008/890869;890869;quarta-feira, 1 de dezembro de 2021;Peugeot 2008 1.6 BlueHDI Style | Só Barroso;Peugeot ;2008;"						Peugeot 2008 1.6 BlueHDI Style
					";"								

									Out / 2017
								";"

19 490 Eur
";60.000 Kms;1560 cc;5;SUV / TT;Gasóleo;100 cv;5;Gestora de Frota;Manual;Cinza;Importado;Sim;Braga;44-TQ-06;VF3CUBHY6HY135419;"				        
Esta viatura passou por um processo de seleção rigoroso e exaustivo. Só assim conseguimos garantir automóveis usados sem surpresas. 
Este automóvel possui garantia total de 12 meses e um histórico de manutenção completo. Entre em contacto e saiba mais sobre esta viatura. 

				      "
https://www.sobarroso.pt/carros/BMW/X1/935664;935664;quarta-feira, 1 de dezembro de 2021;BMW X1 18 D sDrive L Sport Auto | Só Barroso;BMW ;X1;"						BMW X1 18 D sDrive L Sport Auto
					";"								

									Nov / 2017
								";27 900 Eur;73.000 Kms;1995 cc;5;SUV / TT;Gasóleo;150 cv;5;Gestora de Frota;Auto;Cinza;Nacional;Sim;Braga;27-TV-82;WBAHT710905J51467;"				        
Esta viatura passou por um processo de seleção rigoroso e exaustivo. Só assim conseguimos garantir automóveis usados sem surpresas. 
Este automóvel possui garantia completa de 12 meses e um histórico de manutenção completo. Entre em contacto e saiba mais sobre esta viatura. 

				      "
https://www.sobarroso.pt/carros/Nissan/Micra/935564;935564;quarta-feira, 1 de dezembro de 2021;Nissan Micra 1.0 IG-T Acenta | Só Barroso;Nissan ;Micra;"						Nissan Micra 1.0 IG-T Acenta
					";"								

									Abr / 2019
								";"

15 990 Eur
";26.000 Kms;999 cc;5;Citadino;Gasolina;100 cv;5;Retomas;Manual;Cinza;Nacional;Sim;Cabeceiras de Basto;22-XM-99;;"				        
Esta viatura passou por um processo de seleção rigoroso e exaustivo. Só assim conseguimos garantir automóveis usados sem surpresas. 
Este automóvel possui garantia total de 12 meses e um histórico de manutenção completo. Entre em contacto e saiba mais sobre esta viatura. 

				      "
https://www.sobarroso.pt/carros/BMW/i3/912403;912403;quarta-feira, 1 de dezembro de 2021;BMW i3 94Ah + Comfort Package Advance | Só Barroso;BMW ;i3;"						BMW i3 94Ah + Comfort Package Advance
					";"								

									Jul / 2018
								";21 049 Eur;76.000 Kms;0 cc;4;Utilitário;Electrico;170 cv;5;Gestora de Frota;Auto;Azul;Nacional;Sim;Braga;33-VD-98;WBY7Z210207B29168;"				        Iva Dedútivel para Empresas e empresários em nome individual 
240 km de autonomia em motor eléctrico anunciados pela marca  

Esta viatura passou por um processo de seleção rigoroso e exaustivo. Só assim conseguimos garantir automóveis usados sem surpresas. 
Este automóvel possui garantia completa de 12 meses e um histórico de manutenção completo. Entre em contacto e saiba mais sobre esta viatura. 

				      "
https://www.sobarroso.pt/carros/Nissan/Qashqai/941792;941792;quarta-feira, 1 de dezembro de 2021;Nissan Qashqai 1.3 DIG-T N-Connecta | Só Barroso;Nissan ;Qashqai;"						Nissan Qashqai 1.3 DIG-T N-Connecta
					";"								

									Out / 2019
								";"

27 990 Eur
";14.000 Kms;1332 cc;5;SUV / TT;Gasolina;140 cv;5;Gestora de Frota;Manual 6v;Branco;Nacional;Sim;Braga;75-ZH-80 ;SJNFFAJ11U2643959;"				        Esta viatura passou por um processo de seleção rigoroso e exaustivo. Só assim conseguimos garantir automóveis usados sem surpresas. 
Este automóvel possui garantia completa de 12 meses e um histórico de manutenção completo. Entre em contacto e saiba mais sobre esta viatura. 
				      "
https://www.sobarroso.pt/carros/Renault/Talisman/942504;942504;quarta-feira, 1 de dezembro de 2021;Renault Talisman 1.5 DCi Zen Pack | Só Barroso;Renault ;Talisman;"						Renault Talisman 1.5 DCi Zen Pack
					";"								

									Out / 2017
								";14 990 Eur;134.000 Kms;1461 cc;5;Sedan;Gasóleo;110 cv;5;Gestora de Frota;Manual 6v;Cinza;Nacional;Sim;Braga;"71-TR-66	";VF1RFD00659014998;"				        
Esta viatura passou por um processo de seleção rigoroso e exaustivo. Só assim conseguimos garantir automóveis usados sem surpresas. 
Este automóvel possui garantia completa de 12 meses e um histórico de manutenção completo. Entre em contacto e saiba mais sobre esta viatura. 
				      "
https://www.sobarroso.pt/carros/Peugeot/508-SW/943437;943437;quarta-feira, 1 de dezembro de 2021;Peugeot 508 SW 1.6 BlueHDI Active | Só Barroso;Peugeot ;508 SW;"						Peugeot 508 SW 1.6 BlueHDI Active
					";"								

									Ago / 2016
								";"

16 990 Eur
";99.000 Kms;1560 cc;5;Carrinha;Gasóleo;120 cv;5;Retomas;Manual 6v;Preto;Nacional;Sim;Braga;32-RT-69 ;;"				        
Esta viatura passou por um processo de seleção rigoroso e exaustivo. Só assim conseguimos garantir automóveis usados sem surpresas. 
Este automóvel possui garantia completa de 12 meses e um histórico de manutenção completo. Entre em contacto e saiba mais sobre esta viatura. 
				      "
https://www.sobarroso.pt/carros/Fiat/500/943876;943876;quarta-feira, 1 de dezembro de 2021;Fiat 500 1.2 Lounge S&S | Só Barroso;Fiat ;500;"						Fiat 500 1.2 Lounge S&S
					";"								

									Jan / 2017
								";"

11 990 Eur
";44.000 Kms;1242 cc;4;Citadino;Gasolina;70 cv;3;Retomas;Manual;Azul;Nacional;Sim;Braga;40-SL-73;;"				        
Esta viatura passou por um processo de seleção rigoroso e exaustivo. Só assim conseguimos garantir automóveis usados sem surpresas. 
Este automóvel possui garantia completa de 12 meses e um histórico de manutenção completo. Entre em contacto e saiba mais sobre esta viatura. 
				      "
https://www.sobarroso.pt/carros/BMW/318/942426;942426;quarta-feira, 1 de dezembro de 2021;BMW 318 D LCI Touring Advantage Auto | Só Barroso;BMW ;318;"						BMW 318 D LCI Touring Advantage Auto
					";"								

									Jul / 2018
								";"

29 990 Eur
";51.000 Kms;1995 cc;5;Carrinha;Gasóleo;150 cv;5;Gestora de Frota;Auto;Preto;Nacional;Sim;Braga;43-VC-95 ;WBA8H71060A728979;"				        
Esta viatura passou por um processo de seleção rigoroso e exaustivo. Só assim conseguimos garantir automóveis usados sem surpresas. 
Este automóvel possui garantia completa de 12 meses e um histórico de manutenção completo. Entre em contacto e saiba mais sobre esta viatura. 
				      "
https://www.sobarroso.pt/carros/Audi/A3-Limousine/914712;914712;quarta-feira, 1 de dezembro de 2021;Audi A3 Limousine 1.6 TDi Business Line | Só Barroso;Audi ;A3 Limousine;"						Audi A3 Limousine 1.6 TDi Business Line
					";"								

									Mai / 2017
								";"

22 990 Eur
";78.000 Kms;1598 cc;5;Sedan;Gasóleo;116 cv;5;Gestora de Frota;Manual 6v;Preto;Nacional;Sim;Cabeceiras de Basto;37-TB-93;WAUZZZ8VXH1075860;"				        *Sistema de navegação apenas disponível através da ligação por cabo ao telemóvel

Esta viatura passou por um processo de seleção rigoroso e exaustivo. Só assim conseguimos garantir automóveis usados sem surpresas. 
Este automóvel possui garantia completa de 12 meses e um histórico de manutenção completo. Entre em contacto e saiba mais sobre esta viatura. 

				      "
https://www.sobarroso.pt/carros/Peugeot/308/943381;943381;quarta-feira, 1 de dezembro de 2021;Peugeot 308 1.2 Puretech Style | Só Barroso;Peugeot ;308;"						Peugeot 308 1.2 Puretech Style
					";"								

									Jul / 2020
								";"

20 990 Eur
";32.000 Kms;1199 cc;5;Utilitário;Gasolina;130 cv;5;Gestora de Frota;Manual 6v;Preto;Nacional;Sim;Braga;AB-71-XT ;;"				        Garantia da Marca até 07/2022

Esta viatura passou por um processo de seleção rigoroso e exaustivo. Só assim conseguimos garantir automóveis usados sem surpresas. 
Este automóvel possui garantia completa de 12 meses e um histórico de manutenção completo. Entre em contacto e saiba mais sobre esta viatura. 
				      "
https://www.sobarroso.pt/carros/Renault/Clio-Sport-Tourer/884362;884362;quarta-feira, 1 de dezembro de 2021;Renault Clio Sport Tourer 1.5 DCI Limited | Só Barroso;Renault ;Clio Sport Tourer;"						Renault Clio Sport Tourer 1.5 DCI Limited
					";"								

									Nov / 2017
								";"

14 990 Eur
";105.000 Kms;1461 cc;5;Carrinha;Gasóleo;75 cv;5;Gestora de Frota;Manual;Cinza;Nacional;Sim;Braga;"41-TU-19	";VF17R0J0A57993113;"				        
Esta viatura passou por um processo de seleção rigoroso e exaustivo. Só assim conseguimos garantir automóveis usados sem surpresas. 
Este automóvel possui garantia total de 12 meses e um histórico de manutenção completo. Entre em contacto e saiba mais sobre esta viatura. 

				      "
https://www.sobarroso.pt/carros/Renault/Megane-Sport-Tourer/840070;840070;quarta-feira, 1 de dezembro de 2021;Renault Megane Sport Tourer 1.5 DCi Limited Edition | Só Barroso;Renault ;Megane Sport Tourer;"						Renault Megane Sport Tourer 1.5 DCi Limited Edition
					";"								

									Jun / 2018
								";24 190 Eur;38.000 Kms;1461 cc;5;Carrinha;Gasóleo;110 cv;5;Gestora de Frota;Manual 6v;Cinza;Nacional;Sim;Braga;47-UZ-46;VF1RFB00X60914085;"				        
Esta viatura passou por um processo de seleção rigoroso e exaustivo. Só assim conseguimos garantir automóveis usados sem surpresas. 
Este automóvel possui garantia total de 12 meses e um histórico de manutenção completo. Entre em contacto e saiba mais sobre esta viatura. 

				      "
https://www.sobarroso.pt/carros/Peugeot/Partner/870661;870661;quarta-feira, 1 de dezembro de 2021;Peugeot Partner 1.6 BlueHDI L2 | Só Barroso;Peugeot ;Partner;"						Peugeot Partner 1.6 BlueHDI L2 
					";"								

									Ago / 2018
								";"

14 990 Eur
";126.000 Kms;1560 cc;3;Comerciais Ligeiros;Gasóleo;100 cv;5;Gestora de Frota;Manual;Branco;Nacional;Sim;Braga;62-VH-01 ;VF37FBHY6JJ775840;"				        IVA Dedútivel  

Esta viatura passou por um processo de seleção rigoroso e exaustivo. Só assim conseguimos garantir automóveis usados sem surpresas. 
Este automóvel possui garantia total de 12 meses e um histórico de manutenção completo. Entre em contacto e saiba mais sobre esta viatura. 
				      "
https://www.sobarroso.pt/carros/Opel/Astra/870678;870678;quarta-feira, 1 de dezembro de 2021;Opel Astra 1.6 CDTI Edition S/S | Só Barroso;Opel ;Astra;"						Opel Astra 1.6 CDTI Edition S/S
					";"								

									Mar / 2018
								";"
17 990 Eur
";50.000 Kms;1598 cc;5;Utilitário;Gasóleo;110 cv;5;Retomas;Manual 6v;Cinza;Nacional;Sim;Cabeceiras de Basto;33-UJ-56;W0VBD6EK1JG069921;"				        
Esta viatura passou por um processo de seleção rigoroso e exaustivo. Só assim conseguimos garantir automóveis usados sem surpresas. 
Este automóvel possui garantia total de 12 meses e um histórico de manutenção completo. Entre em contacto e saiba mais sobre esta viatura. 

				      "
https://www.sobarroso.pt/carros/Peugeot/508-SW/889840;889840;quarta-feira, 1 de dezembro de 2021;Peugeot 508 SW 1.6 BlueHDI Active | Só Barroso;Peugeot ;508 SW;"						Peugeot 508 SW 1.6 BlueHDI Active
					";"								

									Out / 2016
								";"

19 990 Eur
";75.000 Kms;1560 cc;5;Carrinha;Gasóleo;120 cv;5;Gestora de Frota;Manual 6v;Preto;Importado;Sim;Braga;"25-RZ-13	";VF38EBHZMGL039142;"				        
Esta viatura passou por um processo de seleção rigoroso e exaustivo. Só assim conseguimos garantir automóveis usados sem surpresas. 
Este automóvel possui garantia total de 12 meses e um histórico de manutenção completo. Entre em contacto e saiba mais sobre esta viatura. 

				      "
https://www.sobarroso.pt/carros/Opel/sa/896995;896995;quarta-feira, 1 de dezembro de 2021;Opel sa 1.2 Business Edition | Só Barroso;Opel ;sa;"						Opel sa 1.2 Business Edition
					";"								

									Jul / 2018
								";"

11 990 Eur
";53.000 Kms;1229 cc;5;Citadino;Gasolina;70 cv;5;Gestora de Frota;Manual;Azul;Importado;Sim;Braga; 40-VB-36;W0V0XEP68J4317805;"				        
Esta viatura passou por um processo de seleção rigoroso e exaustivo. Só assim conseguimos garantir automóveis usados sem surpresas. 
Este automóvel possui garantia completa de 12 meses e um histórico de manutenção completo. Entre em contacto e saiba mais sobre esta viatura. 

				      "
https://www.sobarroso.pt/carros/Renault/Clio/900743;900743;quarta-feira, 1 de dezembro de 2021;Renault Clio 1.0 TCe Limited | Só Barroso;Renault ;Clio;"						Renault Clio 1.0 TCe Limited
					";"								

									Fev / 2021
								";"
21 890 Eur
";500 Kms;999 cc;5;Utilitário;Gasolina;91 cv;5;Concessionario;Manual 6v;Cinza;Importado;Sim;Cabeceiras de Basto;;;"				        Garantia da Marca até 02/2023

Esta viatura passou por um processo de seleção rigoroso e exaustivo. Só assim conseguimos garantir automóveis usados sem surpresas. 
Este automóvel possui garantia total de 12 meses e um histórico de manutenção completo. Entre em contacto e saiba mais sobre esta viatura. 

				      "
https://www.sobarroso.pt/carros/Mercedes-Benz/CLA-180/909041;909041;quarta-feira, 1 de dezembro de 2021;Mercedes Benz CLA 180 D Shooting Break AMG Line Auto | Só Barroso;Mercedes Benz ;CLA 180;"						Mercedes Benz CLA 180 D Shooting Break AMG Line Auto 
					";"								

									Out / 2020
								";"

42 990 Eur
";12.000 Kms;1461 cc;5;Carrinha;Gasóleo;116 cv;5;Concessionario;Auto;Cinza;Nacional;Sim;Braga;AD-09-EH;;"				        Pack Night 
Garantia da Marca até 10/2022

Esta viatura passou por um processo de seleção rigoroso e exaustivo. Só assim conseguimos garantir automóveis usados sem surpresas. 
Este automóvel possui garantia completa de 12 meses e um histórico de manutenção completo. Entre em contacto e saiba mais sobre esta viatura. 

				      "
https://www.sobarroso.pt/carros/Opel/Astra/909001;909001;quarta-feira, 1 de dezembro de 2021;Opel Astra 1.0 Edition S/S | Só Barroso;Opel ;Astra;"						Opel Astra 1.0 Edition S/S
					";"								

									Abr / 2019
								";15 290 Eur;31.000 Kms;999 cc;5;Utilitário;Gasolina;105 cv;5;Gestora de Frota;Manual;Preto;Nacional;Sim;Braga;17-XJ-35;"W0VBD6EAXKG353718	";"				        *Sistema de navegação apenas disponível através da ligação por cabo ao telemóvel

Esta viatura passou por um processo de seleção rigoroso e exaustivo. Só assim conseguimos garantir automóveis usados sem surpresas. 
Este automóvel possui garantia completa de 12 meses e um histórico de manutenção completo. Entre em contacto e saiba mais sobre esta viatura. 

				      "